{"cameraMode":{"drawMode":0,"name":"Shaded","section":"Shading Mode"},"sceneLighting":false,"audioPlay":false,"sceneViewState":{"showFog":true,"showMaterialUpdate":false,"showSkybox":true,"showFlares":true,"showImageEffects":true,"showParticleSystems":true},"in2DMode":false,"pivot":{"x":363.4766540527344,"y":3.143948554992676,"z":443.9332275390625},"rotation":{"x":0.14282548427581788,"y":0.4494151473045349,"z":-0.07309667021036148,"w":0.8788278698921204},"size":-0.45834124088287356,"orthographic":false}