{"cameraMode":{"drawMode":0,"name":"Shaded","section":"Shading Mode"},"sceneLighting":false,"audioPlay":false,"sceneViewState":{"showFog":true,"showMaterialUpdate":false,"showSkybox":true,"showFlares":true,"showImageEffects":true,"showParticleSystems":true},"in2DMode":false,"pivot":{"x":370.3448181152344,"y":4.961648941040039,"z":456.8763732910156},"rotation":{"x":-0.07175925374031067,"y":-0.5265500545501709,"z":0.044685475528240207,"w":-0.8459469079971314},"size":32.38523864746094,"orthographic":false}